HT01231501;HT012315;Fastlane Overkill;fastlane@decepticon.com;Decepticon HQ
CS05221901;CS052219;Mixmaster Monzo;mixmaster@autobot.com;Autobot HQ
TE11220601;TE112206;Mixmaster Monzo;mixmaster@autobot.com;Autobot HQ
MA11231201;MA112312;Mixmaster Monzo;mixmaster@autobot.com;Autobot HQ
HT01231502;HT012315;Dafrid;bako@gmail.com;Chefrik
PY12220901;PY122209;Dafrid;bako@gmail.com;Chefrik
PY12220902;PY122209;Han Nguyen;hannguyen@codegym.com;Hue
MA11231202;MA112312;Han Nguyen;hannguyen@codegym.com;Hue
MA11231203;MA112312;Ralmadoc;ralma@mordor.com;Middle Earth
PY12220903;PY122209;Ralmadoc;ralma@mordor.com;Middle Earth
TE11220602;TE112206;Ralmadoc;ralma@mordor.com;Middle Earth
CS05221902;CS052219;Lorem Ipsum;loremipsum@lorem.ipsum;Tincidnt Mssatin
TE11220603;TE112206;Lorem Ipsum;loremipsum@lorem.ipsum;Tincidnt Mssatin
PY12220904;PY122209;Dorlor Sit Amet;dolor@lorem.com;Dolor Sit
CS05221903;CS052219;Dorlor Sit Amet;dolor@lorem.com;Dolor Sit
TE11220604;TE112206;Gravida Magna;gravil@lorem.ipsum;Efficitur
MA11231204;MA112312;Gravida Magna;gravil@lorem.ipsum;Efficitur
TE11220605;TE112206;Tung Tung;tung@gmail.com;Hue
PY12220905;PY122209;Tung Tung;tung@gmail.com;Hue
TE11220606;TE112206;Bruno Galbasi;bruno@middleearth.com;Middle Earth
SQ07220601;SQ072206;Bruno Galbasi;bruno@middleearth.com;Middle Earth
DA05223001;DA052230;Bruno Galbasi;bruno@middleearth.com;Middle Earth
